{"eur":{"code":"EUR","alphaCode":"EUR","numericCode":"978","name":"Euro","rate":0.98535489535028,"date":"Tue, 13 Sep 2022 11:55:01 GMT","inverseRate":1.0148627714936},"gbp":{"code":"GBP","alphaCode":"GBP","numericCode":"826","name":"U.K. Pound Sterling","rate":0.85438980693642,"date":"Tue, 13 Sep 2022 11:55:01 GMT","inverseRate":1.1704259482983},"jpy":{"code":"JPY","alphaCode":"JPY","numericCode":"392","name":"Japanese Yen","rate":142.32291211472,"date":"Tue, 13 Sep 2022 11:55:01 GMT","inverseRate":0.007026275566888},"aud":{"code":"AUD","alphaCode":"AUD","numericCode":"036","name":"Australian Dollar","rate":1.4537833499222,"date":"Tue, 13 Sep 2022 11:55:01 GMT","inverseRate":0.68786040234504},"chf":{"code":"CHF","alphaCode":"CHF","numericCode":"756","name":"Swiss Franc","rate":0.95124122567191,"date":"Tue, 13 Sep 2022 11:55:01 GMT","inverseRate":1.0512580542266},"cad":{"code":"CAD","alphaCode":"CAD","numericCode":"124","name":"Canadian Dollar","rate":1.2989633834884,"date":"Tue, 13 Sep 2022 11:55:01 GMT","inverseRate":0.76984464128194},"azn":{"code":"AZN","alphaCode":"AZN","numericCode":"944","name":"Azerbaijan Manat","rate":1.677063339039,"date":"Tue, 13 Sep 2022 11:55:01 GMT","inverseRate":0.59628040081839},"pyg":{"code":"PYG","alphaCode":"PYG","numericCode":"600","name":"Paraguayan Guaran\u00ed","rate":6834.0505344138,"date":"Tue, 13 Sep 2022 11:55:01 GMT","inverseRate":0.00014632610557449},"gyd":{"code":"GYD","alphaCode":"GYD","numericCode":"328","name":"Guyanese dollar","rate":204.21530194248,"date":"Tue, 13 Sep 2022 11:55:01 GMT","inverseRate":0.0048967927010762},"rwf":{"code":"RWF","alphaCode":"RWF","numericCode":"646","name":"Rwandan franc","rate":1009.6472125436,"date":"Tue, 13 Sep 2022 11:55:01 GMT","inverseRate":0.00099044496689166},"ern":{"code":"ERN","alphaCode":"ERN","numericCode":"232","name":"Eritrean nakfa","rate":14.713741669312,"date":"Tue, 13 Sep 2022 11:55:01 GMT","inverseRate":0.067963677932831},"wst":{"code":"WST","alphaCode":"WST","numericCode":"882","name":"Samoan tala","rate":2.5770107275861,"date":"Tue, 13 Sep 2022 11:55:01 GMT","inverseRate":0.38804650259904},"brl":{"code":"BRL","alphaCode":"BRL","numericCode":"986","name":"Brazilian Real","rate":5.1090905199836,"date":"Tue, 13 Sep 2022 11:55:01 GMT","inverseRate":0.19572955227327},"inr":{"code":"INR","alphaCode":"INR","numericCode":"356","name":"Indian Rupee","rate":79.20342667136,"date":"Tue, 13 Sep 2022 11:55:01 GMT","inverseRate":0.012625716361355},"npr":{"code":"NPR","alphaCode":"NPR","numericCode":"524","name":"Nepalese Rupee","rate":127.09123153565,"date":"Tue, 13 Sep 2022 11:55:01 GMT","inverseRate":0.0078683634418909},"zar":{"code":"ZAR","alphaCode":"ZAR","numericCode":"710","name":"South African Rand","rate":17.074616858625,"date":"Tue, 13 Sep 2022 11:55:01 GMT","inverseRate":0.058566467890895},"iqd":{"code":"IQD","alphaCode":"IQD","numericCode":"368","name":"Iraqi dinar","rate":1442.3997236762,"date":"Tue, 13 Sep 2022 11:55:01 GMT","inverseRate":0.00069328909565466},"afn":{"code":"AFN","alphaCode":"AFN","numericCode":"971","name":"Afghan afghani","rate":86.269584310225,"date":"Tue, 13 Sep 2022 11:55:01 GMT","inverseRate":0.011591570864698},"nad":{"code":"NAD","alphaCode":"NAD","numericCode":"516","name":"Namibian dollar","rate":16.883831026948,"date":"Tue, 13 Sep 2022 11:55:01 GMT","inverseRate":0.059228263917349},"syp":{"code":"SYP","alphaCode":"SYP","numericCode":"760","name":"Syrian pound","rate":2440.1578947369,"date":"Tue, 13 Sep 2022 11:55:01 GMT","inverseRate":0.00040980954640553},"mop":{"code":"MOP","alphaCode":"MOP","numericCode":"446","name":"Macanese pataca","rate":7.8956062670303,"date":"Tue, 13 Sep 2022 11:55:01 GMT","inverseRate":0.1266527187628},"bam":{"code":"BAM","alphaCode":"BAM","numericCode":"977","name":"Bosnia and Herzegovina convertible mark","rate":1.9279357950765,"date":"Tue, 13 Sep 2022 11:55:01 GMT","inverseRate":0.51868947220845},"dkk":{"code":"DKK","alphaCode":"DKK","numericCode":"208","name":"Danish Krone","rate":7.323121902947,"date":"Tue, 13 Sep 2022 11:55:01 GMT","inverseRate":0.13655378310684},"lkr":{"code":"LKR","alphaCode":"LKR","numericCode":"144","name":"Sri Lanka Rupee","rate":360.90740728097,"date":"Tue, 13 Sep 2022 11:55:01 GMT","inverseRate":0.002770793782078},"tnd":{"code":"TND","alphaCode":"TND","numericCode":"788","name":"Tunisian Dinar","rate":3.1832733544501,"date":"Tue, 13 Sep 2022 11:55:01 GMT","inverseRate":0.31414204457246},"twd":{"code":"TWD","alphaCode":"TWD","numericCode":"901","name":"New Taiwan Dollar ","rate":30.885939931446,"date":"Tue, 13 Sep 2022 11:55:01 GMT","inverseRate":0.032377191764913},"pen":{"code":"PEN","alphaCode":"PEN","numericCode":"604","name":"Peruvian Nuevo Sol","rate":3.8641962980309,"date":"Tue, 13 Sep 2022 11:55:01 GMT","inverseRate":0.25878602505509},"tmt":{"code":"TMT","alphaCode":"TMT","numericCode":"934","name":"New Turkmenistan Manat","rate":3.4540160906996,"date":"Tue, 13 Sep 2022 11:55:01 GMT","inverseRate":0.28951804905965},"svc":{"code":"SVC","alphaCode":"SVC","numericCode":"222","name":"Salvadoran colon","rate":8.5461751152074,"date":"Tue, 13 Sep 2022 11:55:01 GMT","inverseRate":0.11701140996053},"xcd":{"code":"XCD","alphaCode":"XCD","numericCode":"951","name":"East Caribbean Dollar","rate":2.6458369000742,"date":"Tue, 13 Sep 2022 11:55:01 GMT","inverseRate":0.37795224640338},"lak":{"code":"LAK","alphaCode":"LAK","numericCode":"418","name":"Lao kip","rate":15351.986754967,"date":"Tue, 13 Sep 2022 11:55:01 GMT","inverseRate":6.5138148954985e-5},"gtq":{"code":"GTQ","alphaCode":"GTQ","numericCode":"320","name":"Guatemalan Quetzal","rate":7.5744159451073,"date":"Tue, 13 Sep 2022 11:55:01 GMT","inverseRate":0.13202338071306},"pkr":{"code":"PKR","alphaCode":"PKR","numericCode":"586","name":"Pakistani Rupee","rate":227.49406584519,"date":"Tue, 13 Sep 2022 11:55:01 GMT","inverseRate":0.004395719054406},"bgn":{"code":"BGN","alphaCode":"BGN","numericCode":"975","name":"Bulgarian Lev","rate":1.9253916673607,"date":"Tue, 13 Sep 2022 11:55:01 GMT","inverseRate":0.51937484562338},"gip":{"code":"GIP","alphaCode":"GIP","numericCode":"292","name":"Gibraltar pound","rate":0.85270617481857,"date":"Tue, 13 Sep 2022 11:55:01 GMT","inverseRate":1.1727369046117},"gel":{"code":"GEL","alphaCode":"GEL","numericCode":"981","name":"Georgian lari","rate":2.8532481494847,"date":"Tue, 13 Sep 2022 11:55:01 GMT","inverseRate":0.35047775293593},"mkd":{"code":"MKD","alphaCode":"MKD","numericCode":"807","name":"Macedonian denar","rate":60.844630506962,"date":"Tue, 13 Sep 2022 11:55:01 GMT","inverseRate":0.016435304013977},"awg":{"code":"AWG","alphaCode":"AWG","numericCode":"533","name":"Aruban florin","rate":1.7664787015165,"date":"Tue, 13 Sep 2022 11:55:01 GMT","inverseRate":0.56609796605049},"aoa":{"code":"AOA","alphaCode":"AOA","numericCode":"973","name":"Angolan kwanza","rate":417.68468468469,"date":"Tue, 13 Sep 2022 11:55:01 GMT","inverseRate":0.0023941505079481},"mvr":{"code":"MVR","alphaCode":"MVR","numericCode":"462","name":"Maldivian rufiyaa","rate":15.092122395833,"date":"Tue, 13 Sep 2022 11:55:01 GMT","inverseRate":0.066259732976729},"sar":{"code":"SAR","alphaCode":"SAR","numericCode":"682","name":"Saudi Riyal","rate":3.7541839623961,"date":"Tue, 13 Sep 2022 11:55:01 GMT","inverseRate":0.26636947203881},"pln":{"code":"PLN","alphaCode":"PLN","numericCode":"985","name":"Polish Zloty","rate":4.6291163502044,"date":"Tue, 13 Sep 2022 11:55:01 GMT","inverseRate":0.21602395022019},"mro":{"code":"MRO","alphaCode":"MRO","numericCode":"478","name":"Mauritanian Ouguiya","rate":37.804628157569,"date":"Tue, 13 Sep 2022 11:55:01 GMT","inverseRate":0.02645178775022},"cop":{"code":"COP","alphaCode":"COP","numericCode":"170","name":"Colombian Peso","rate":4371.6473380603,"date":"Tue, 13 Sep 2022 11:55:01 GMT","inverseRate":0.00022874672238399},"bbd":{"code":"BBD","alphaCode":"BBD","numericCode":"052","name":"Barbadian Dollar","rate":1.9708808025846,"date":"Tue, 13 Sep 2022 11:55:01 GMT","inverseRate":0.50738735629705},"djf":{"code":"DJF","alphaCode":"DJF","numericCode":"262","name":"Djiboutian franc","rate":173.76784978074,"date":"Tue, 13 Sep 2022 11:55:01 GMT","inverseRate":0.0057548044777086},"hnl":{"code":"HNL","alphaCode":"HNL","numericCode":"340","name":"Honduran Lempira","rate":24.059678256357,"date":"Tue, 13 Sep 2022 11:55:01 GMT","inverseRate":0.04156331557492},"kes":{"code":"KES","alphaCode":"KES","numericCode":"404","name":"Kenyan shilling","rate":117.47282539844,"date":"Tue, 13 Sep 2022 11:55:01 GMT","inverseRate":0.0085126070357824},"bhd":{"code":"BHD","alphaCode":"BHD","numericCode":"048","name":"Bahrain Dinar","rate":0.37543001178969,"date":"Tue, 13 Sep 2022 11:55:01 GMT","inverseRate":2.663612307479},"egp":{"code":"EGP","alphaCode":"EGP","numericCode":"818","name":"Egyptian Pound","rate":19.329682014688,"date":"Tue, 13 Sep 2022 11:55:01 GMT","inverseRate":0.051733908464719},"hrk":{"code":"HRK","alphaCode":"HRK","numericCode":"191","name":"Croatian Kuna","rate":7.4052302512886,"date":"Tue, 13 Sep 2022 11:55:01 GMT","inverseRate":0.13503969033589},"mdl":{"code":"MDL","alphaCode":"MDL","numericCode":"498","name":"Moldova Lei","rate":19.290573819242,"date":"Tue, 13 Sep 2022 11:55:01 GMT","inverseRate":0.051838789730688},"pab":{"code":"PAB","alphaCode":"PAB","numericCode":"590","name":"Panamanian Balboa","rate":0.98717005716209,"date":"Tue, 13 Sep 2022 11:55:01 GMT","inverseRate":1.0129966896229},"fjd":{"code":"FJD","alphaCode":"FJD","numericCode":"242","name":"Fiji Dollar","rate":2.188895708418,"date":"Tue, 13 Sep 2022 11:55:01 GMT","inverseRate":0.45685136854818},"cdf":{"code":"CDF","alphaCode":"CDF","numericCode":"976","name":"Congolese franc","rate":2005.3200692042,"date":"Tue, 13 Sep 2022 11:55:01 GMT","inverseRate":0.00049867351120504},"mzn":{"code":"MZN","alphaCode":"MZN","numericCode":"943","name":"Mozambican metical","rate":62.568151147098,"date":"Tue, 13 Sep 2022 11:55:01 GMT","inverseRate":0.015982572309816},"ugx":{"code":"UGX","alphaCode":"UGX","numericCode":"800","name":"Ugandan shilling","rate":3723.9357429719,"date":"Tue, 13 Sep 2022 11:55:01 GMT","inverseRate":0.0002685330975131},"hkd":{"code":"HKD","alphaCode":"HKD","numericCode":"344","name":"Hong Kong Dollar","rate":7.8487791797709,"date":"Tue, 13 Sep 2022 11:55:01 GMT","inverseRate":0.1274083493873},"mad":{"code":"MAD","alphaCode":"MAD","numericCode":"504","name":"Moroccan Dirham","rate":10.654792753443,"date":"Tue, 13 Sep 2022 11:55:01 GMT","inverseRate":0.093854476866935},"myr":{"code":"MYR","alphaCode":"MYR","numericCode":"458","name":"Malaysian Ringgit","rate":4.50631978652,"date":"Tue, 13 Sep 2022 11:55:01 GMT","inverseRate":0.2219105716801},"irr":{"code":"IRR","alphaCode":"IRR","numericCode":"364","name":"Iranian rial","rate":41514.624740464,"date":"Tue, 13 Sep 2022 11:55:01 GMT","inverseRate":2.4087896885776e-5},"bob":{"code":"BOB","alphaCode":"BOB","numericCode":"068","name":"Bolivian Boliviano","rate":6.8097200758129,"date":"Tue, 13 Sep 2022 11:55:01 GMT","inverseRate":0.14684891432643},"lrd":{"code":"LRD","alphaCode":"LRD","numericCode":"430","name":"Liberian dollar","rate":150.52922077922,"date":"Tue, 13 Sep 2022 11:55:01 GMT","inverseRate":0.0066432284364688},"sdg":{"code":"SDG","alphaCode":"SDG","numericCode":"938","name":"Sudanese pound","rate":551.94047619049,"date":"Tue, 13 Sep 2022 11:55:01 GMT","inverseRate":0.0018117895735823},"top":{"code":"TOP","alphaCode":"TOP","numericCode":"776","name":"Tongan pa\u02bbanga","rate":2.3114468042677,"date":"Tue, 13 Sep 2022 11:55:01 GMT","inverseRate":0.43262946746326},"vuv":{"code":"VUV","alphaCode":"VUV","numericCode":"548","name":"Vanuatu vatu","rate":114.32693019012,"date":"Tue, 13 Sep 2022 11:55:01 GMT","inverseRate":0.008746845544939},"kwd":{"code":"KWD","alphaCode":"KWD","numericCode":"414","name":"Kuwaiti Dinar","rate":0.30760039749053,"date":"Tue, 13 Sep 2022 11:55:01 GMT","inverseRate":3.2509710915793},"thb":{"code":"THB","alphaCode":"THB","numericCode":"764","name":"Thai Baht","rate":36.299075005739,"date":"Tue, 13 Sep 2022 11:55:01 GMT","inverseRate":0.027548911365975},"xof":{"code":"XOF","alphaCode":"XOF","numericCode":"952","name":"West African CFA Franc","rate":648.69358047825,"date":"Tue, 13 Sep 2022 11:55:01 GMT","inverseRate":0.0015415598829616},"uzs":{"code":"UZS","alphaCode":"UZS","numericCode":"860","name":"Uzbekistan Sum","rate":10818.709945226,"date":"Tue, 13 Sep 2022 11:55:01 GMT","inverseRate":9.2432462378869e-5},"etb":{"code":"ETB","alphaCode":"ETB","numericCode":"230","name":"Ethiopian birr","rate":51.514444444445,"date":"Tue, 13 Sep 2022 11:55:01 GMT","inverseRate":0.019412031145525},"ttd":{"code":"TTD","alphaCode":"TTD","numericCode":"780","name":"Trinidad Tobago Dollar","rate":6.6110081277626,"date":"Tue, 13 Sep 2022 11:55:01 GMT","inverseRate":0.15126286047064},"pgk":{"code":"PGK","alphaCode":"PGK","numericCode":"598","name":"Papua New Guinean kina","rate":3.4393916913947,"date":"Tue, 13 Sep 2022 11:55:01 GMT","inverseRate":0.29074908871298},"bwp":{"code":"BWP","alphaCode":"BWP","numericCode":"072","name":"Botswana Pula","rate":12.677878042111,"date":"Tue, 13 Sep 2022 11:55:01 GMT","inverseRate":0.078877553221319},"omr":{"code":"OMR","alphaCode":"OMR","numericCode":"512","name":"Omani Rial","rate":0.38416561341392,"date":"Tue, 13 Sep 2022 11:55:01 GMT","inverseRate":2.6030440130063},"ils":{"code":"ILS","alphaCode":"ILS","numericCode":"376","name":"Israeli New Sheqel","rate":3.3772137445551,"date":"Tue, 13 Sep 2022 11:55:01 GMT","inverseRate":0.2961020757458},"ngn":{"code":"NGN","alphaCode":"NGN","numericCode":"566","name":"Nigerian Naira","rate":421.81764007172,"date":"Tue, 13 Sep 2022 11:55:01 GMT","inverseRate":0.0023706926998832},"byn":{"code":"BYN","alphaCode":"BYN","numericCode":"933","name":"Belarussian Ruble","rate":2.951515124619,"date":"Tue, 13 Sep 2022 11:55:01 GMT","inverseRate":0.33880903799505},"tjs":{"code":"TJS","alphaCode":"TJS","numericCode":"972","name":"Tajikistan Ruble","rate":10.071636868135,"date":"Tue, 13 Sep 2022 11:55:01 GMT","inverseRate":0.09928872665811},"gmd":{"code":"GMD","alphaCode":"GMD","numericCode":"270","name":"Gambian dalasi","rate":54.352872215711,"date":"Tue, 13 Sep 2022 11:55:01 GMT","inverseRate":0.018398291741259},"cve":{"code":"CVE","alphaCode":"CVE","numericCode":"132","name":"Cape Verde escudo","rate":108.83333333334,"date":"Tue, 13 Sep 2022 11:55:01 GMT","inverseRate":0.0091883614088815},"zmw":{"code":"ZMW","alphaCode":"ZMW","numericCode":"967","name":"Zambian kwacha","rate":15.05781097759,"date":"Tue, 13 Sep 2022 11:55:01 GMT","inverseRate":0.066410715441193},"khr":{"code":"KHR","alphaCode":"KHR","numericCode":"116","name":"Cambodian riel","rate":4017.5909878683,"date":"Tue, 13 Sep 2022 11:55:01 GMT","inverseRate":0.00024890537713263},"sek":{"code":"SEK","alphaCode":"SEK","numericCode":"752","name":"Swedish Krona","rate":10.467481739968,"date":"Tue, 13 Sep 2022 11:55:01 GMT","inverseRate":0.095533961734244},"sgd":{"code":"SGD","alphaCode":"SGD","numericCode":"702","name":"Singapore Dollar","rate":1.3955348232798,"date":"Tue, 13 Sep 2022 11:55:01 GMT","inverseRate":0.71657115488511},"huf":{"code":"HUF","alphaCode":"HUF","numericCode":"348","name":"Hungarian Forint","rate":390.12437845973,"date":"Tue, 13 Sep 2022 11:55:01 GMT","inverseRate":0.0025632850834602},"lyd":{"code":"LYD","alphaCode":"LYD","numericCode":"434","name":"Libyan Dinar","rate":4.9042141291548,"date":"Tue, 13 Sep 2022 11:55:01 GMT","inverseRate":0.20390626788809},"clp":{"code":"CLP","alphaCode":"CLP","numericCode":"152","name":"Chilean Peso","rate":898.11970771522,"date":"Tue, 13 Sep 2022 11:55:01 GMT","inverseRate":0.0011134373195573},"bsd":{"code":"BSD","alphaCode":"BSD","numericCode":"044","name":"Bahamian Dollar","rate":0.97434011432418,"date":"Tue, 13 Sep 2022 11:55:01 GMT","inverseRate":1.0263356555874},"xpf":{"code":"XPF","alphaCode":"XPF","numericCode":"953","name":"CFP Franc","rate":117.58604073144,"date":"Tue, 13 Sep 2022 11:55:01 GMT","inverseRate":0.0085044108448548},"all":{"code":"ALL","alphaCode":"ALL","numericCode":"008","name":"Albanian lek","rate":115.71945588419,"date":"Tue, 13 Sep 2022 11:55:01 GMT","inverseRate":0.008641589198283},"scr":{"code":"SCR","alphaCode":"SCR","numericCode":"690","name":"Seychelles rupee","rate":12.814538419016,"date":"Tue, 13 Sep 2022 11:55:01 GMT","inverseRate":0.078036365205013},"dop":{"code":"DOP","alphaCode":"DOP","numericCode":"214","name":"Dominican Peso","rate":52.829467664436,"date":"Tue, 13 Sep 2022 11:55:01 GMT","inverseRate":0.018928829765082},"cny":{"code":"CNY","alphaCode":"CNY","numericCode":"156","name":"Chinese Yuan","rate":6.9236406561086,"date":"Tue, 13 Sep 2022 11:55:01 GMT","inverseRate":0.14443268356478},"isk":{"code":"ISK","alphaCode":"ISK","numericCode":"352","name":"Icelandic Krona","rate":138.71463172186,"date":"Tue, 13 Sep 2022 11:55:01 GMT","inverseRate":0.0072090448396614},"kzt":{"code":"KZT","alphaCode":"KZT","numericCode":"398","name":"Kazakhstani Tenge","rate":468.05669883695,"date":"Tue, 13 Sep 2022 11:55:01 GMT","inverseRate":0.0021364932976813},"htg":{"code":"HTG","alphaCode":"HTG","numericCode":"332","name":"Haitian gourde","rate":118.46632627421,"date":"Tue, 13 Sep 2022 11:55:01 GMT","inverseRate":0.0084412172762523},"bnd":{"code":"BND","alphaCode":"BND","numericCode":"096","name":"Brunei Dollar","rate":1.3734336582043,"date":"Tue, 13 Sep 2022 11:55:01 GMT","inverseRate":0.72810215042163},"kmf":{"code":"KMF","alphaCode":"KMF","numericCode":"174","name":"\tComoro franc","rate":484.71510716151,"date":"Tue, 13 Sep 2022 11:55:01 GMT","inverseRate":0.0020630675322995},"lsl":{"code":"LSL","alphaCode":"LSL","numericCode":"426","name":"Lesotho loti","rate":16.877684746997,"date":"Tue, 13 Sep 2022 11:55:01 GMT","inverseRate":0.059249832840842},"tzs":{"code":"TZS","alphaCode":"TZS","numericCode":"834","name":"Tanzanian shilling","rate":2276.0432007855,"date":"Tue, 13 Sep 2022 11:55:01 GMT","inverseRate":0.00043935897159372},"ang":{"code":"ANG","alphaCode":"ANG","numericCode":"532","name":"Neth. Antillean Guilder","rate":1.7869181828153,"date":"Tue, 13 Sep 2022 11:55:01 GMT","inverseRate":0.55962271222989},"lbp":{"code":"LBP","alphaCode":"LBP","numericCode":"422","name":"Lebanese Pound","rate":1503.0622070399,"date":"Tue, 13 Sep 2022 11:55:01 GMT","inverseRate":0.00066530845850311},"mxn":{"code":"MXN","alphaCode":"MXN","numericCode":"484","name":"Mexican Peso","rate":19.807939103925,"date":"Tue, 13 Sep 2022 11:55:01 GMT","inverseRate":0.050484807871903},"amd":{"code":"AMD","alphaCode":"AMD","numericCode":"051","name":"Armenia Dram","rate":400.0953485158,"date":"Tue, 13 Sep 2022 11:55:01 GMT","inverseRate":0.0024994042137946},"uyu":{"code":"UYU","alphaCode":"UYU","numericCode":"858","name":"Uruguayan Peso","rate":40.198715765551,"date":"Tue, 13 Sep 2022 11:55:01 GMT","inverseRate":0.0248764165958},"jmd":{"code":"JMD","alphaCode":"JMD","numericCode":"388","name":"Jamaican Dollar","rate":146.25552050473,"date":"Tue, 13 Sep 2022 11:55:01 GMT","inverseRate":0.0068373487479241},"ssp":{"code":"SSP","alphaCode":"SSP","numericCode":"728","name":"South Sudanese pound","rate":634.5011632681,"date":"Tue, 13 Sep 2022 11:55:01 GMT","inverseRate":0.0015760412397817},"mru":{"code":"MRU","alphaCode":"MRU","numericCode":"929","name":"Mauritanian ouguiya","rate":36.85453100159,"date":"Tue, 13 Sep 2022 11:55:01 GMT","inverseRate":0.027133705756746},"mnt":{"code":"MNT","alphaCode":"MNT","numericCode":"496","name":"Mongolian togrog","rate":3138.9979688558,"date":"Tue, 13 Sep 2022 11:55:01 GMT","inverseRate":0.00031857300002157},"jod":{"code":"JOD","alphaCode":"JOD","numericCode":"400","name":"Jordanian Dinar","rate":0.7077640373572,"date":"Tue, 13 Sep 2022 11:55:01 GMT","inverseRate":1.4129002707371},"php":{"code":"PHP","alphaCode":"PHP","numericCode":"608","name":"Philippine Peso","rate":56.841271268916,"date":"Tue, 13 Sep 2022 11:55:01 GMT","inverseRate":0.017592850717026},"xaf":{"code":"XAF","alphaCode":"XAF","numericCode":"950","name":"Central African CFA Franc","rate":647.97859884271,"date":"Tue, 13 Sep 2022 11:55:01 GMT","inverseRate":0.0015432608450125},"kgs":{"code":"KGS","alphaCode":"KGS","numericCode":"417","name":"Kyrgyzstan Som","rate":79.908206170759,"date":"Tue, 13 Sep 2022 11:55:01 GMT","inverseRate":0.012514359261964},"mga":{"code":"MGA","alphaCode":"MGA","numericCode":"969","name":"Malagasy ariary","rate":4110.1950354611,"date":"Tue, 13 Sep 2022 11:55:01 GMT","inverseRate":0.00024329745702391},"srd":{"code":"SRD","alphaCode":"SRD","numericCode":"968","name":"Surinamese dollar","rate":25.404383561644,"date":"Tue, 13 Sep 2022 11:55:01 GMT","inverseRate":0.039363285378427},"ghs":{"code":"GHS","alphaCode":"GHS","numericCode":"936","name":"Ghanaian Cedi","rate":9.7115626309179,"date":"Tue, 13 Sep 2022 11:55:01 GMT","inverseRate":0.10297004076526},"cup":{"code":"CUP","alphaCode":"CUP","numericCode":"192","name":"Cuban peso","rate":0.97434011432418,"date":"Tue, 13 Sep 2022 11:55:01 GMT","inverseRate":1.0263356555874},"nzd":{"code":"NZD","alphaCode":"NZD","numericCode":"554","name":"New Zealand Dollar","rate":1.630062605951,"date":"Tue, 13 Sep 2022 11:55:01 GMT","inverseRate":0.61347336988728},"try":{"code":"TRY","alphaCode":"TRY","numericCode":"949","name":"Turkish Lira","rate":18.236100161878,"date":"Tue, 13 Sep 2022 11:55:01 GMT","inverseRate":0.054836285780579},"vnd":{"code":"VND","alphaCode":"VND","numericCode":"704","name":"Vietnamese Dong","rate":23538.946111532,"date":"Tue, 13 Sep 2022 11:55:01 GMT","inverseRate":4.2482785561503e-5},"rub":{"code":"RUB","alphaCode":"RUB","numericCode":"643","name":"Russian Rouble","rate":62.486348312626,"date":"Tue, 13 Sep 2022 11:55:01 GMT","inverseRate":0.0160034955955},"rsd":{"code":"RSD","alphaCode":"RSD","numericCode":"941","name":"Serbian Dinar","rate":115.69748494211,"date":"Tue, 13 Sep 2022 11:55:01 GMT","inverseRate":0.0086432302353016},"nio":{"code":"NIO","alphaCode":"NIO","numericCode":"558","name":"Nicaraguan C\u00f3rdoba","rate":35.070347957641,"date":"Tue, 13 Sep 2022 11:55:01 GMT","inverseRate":0.028514116860427},"sbd":{"code":"SBD","alphaCode":"SBD","numericCode":"090","name":"Solomon Islands dollar","rate":8.0212802768169,"date":"Tue, 13 Sep 2022 11:55:01 GMT","inverseRate":0.12466837780126},"mwk":{"code":"MWK","alphaCode":"MWK","numericCode":"454","name":"Malawian kwacha","rate":1002.6600346021,"date":"Tue, 13 Sep 2022 11:55:01 GMT","inverseRate":0.00099734702241009},"yer":{"code":"YER","alphaCode":"YER","numericCode":"886","name":"Yemeni rial","rate":244.24718154041,"date":"Tue, 13 Sep 2022 11:55:01 GMT","inverseRate":0.0040942130578262},"nok":{"code":"NOK","alphaCode":"NOK","numericCode":"578","name":"Norwegian Krone","rate":9.8327513655481,"date":"Tue, 13 Sep 2022 11:55:01 GMT","inverseRate":0.10170093423737},"qar":{"code":"QAR","alphaCode":"QAR","numericCode":"634","name":"Qatari Rial","rate":3.6704591250302,"date":"Tue, 13 Sep 2022 11:55:01 GMT","inverseRate":0.27244548050696},"czk":{"code":"CZK","alphaCode":"CZK","numericCode":"203","name":"Czech Koruna","rate":24.161513153506,"date":"Tue, 13 Sep 2022 11:55:01 GMT","inverseRate":0.041388136316077},"dzd":{"code":"DZD","alphaCode":"DZD","numericCode":"012","name":"Algerian Dinar","rate":139.58665976735,"date":"Tue, 13 Sep 2022 11:55:01 GMT","inverseRate":0.0071640083777827},"ars":{"code":"ARS","alphaCode":"ARS","numericCode":"032","name":"Argentine Peso","rate":139.71662977134,"date":"Tue, 13 Sep 2022 11:55:01 GMT","inverseRate":0.0071573441303057},"stn":{"code":"STN","alphaCode":"STN","numericCode":"930","name":"S\u00e3o Tom\u00e9 and Pr\u00edncipe Dobra","rate":24.337532808399,"date":"Tue, 13 Sep 2022 11:55:01 GMT","inverseRate":0.041088799258029},"bif":{"code":"BIF","alphaCode":"BIF","numericCode":"108","name":"Burundian franc","rate":2014.9065623642,"date":"Tue, 13 Sep 2022 11:55:01 GMT","inverseRate":0.0004963009296206},"mmk":{"code":"MMK","alphaCode":"MMK","numericCode":"104","name":"Myanma Kyat","rate":2049.6463306808,"date":"Tue, 13 Sep 2022 11:55:01 GMT","inverseRate":0.00048788904945754},"mur":{"code":"MUR","alphaCode":"MUR","numericCode":"480","name":"Mauritian Rupee","rate":42.928703703705,"date":"Tue, 13 Sep 2022 11:55:01 GMT","inverseRate":0.02329443737463},"ves":{"code":"VES","alphaCode":"VES","numericCode":"928","name":"Venezuelan Bolivar","rate":7.9045791636594,"date":"Tue, 13 Sep 2022 11:55:01 GMT","inverseRate":0.12650894871133},"bdt":{"code":"BDT","alphaCode":"BDT","numericCode":"050","name":"Bangladeshi taka","rate":94.849257140007,"date":"Tue, 13 Sep 2022 11:55:01 GMT","inverseRate":0.010543045145034},"ron":{"code":"RON","alphaCode":"RON","numericCode":"946","name":"Romanian New Leu","rate":4.8405142910376,"date":"Tue, 13 Sep 2022 11:55:01 GMT","inverseRate":0.20658961834934},"uah":{"code":"UAH","alphaCode":"UAH","numericCode":"980","name":"Ukrainian Hryvnia","rate":36.852283003624,"date":"Tue, 13 Sep 2022 11:55:01 GMT","inverseRate":0.027135360919204},"crc":{"code":"CRC","alphaCode":"CRC","numericCode":"188","name":"Costa Rican Col\u00f3n","rate":637.75517392374,"date":"Tue, 13 Sep 2022 11:55:01 GMT","inverseRate":0.0015679998232669},"bzd":{"code":"BZD","alphaCode":"BZD","numericCode":"084","name":"Belize dollar","rate":1.9675352232219,"date":"Tue, 13 Sep 2022 11:55:01 GMT","inverseRate":0.50825011323684},"gnf":{"code":"GNF","alphaCode":"GNF","numericCode":"324","name":"Guinean franc","rate":8429.6363636364,"date":"Tue, 13 Sep 2022 11:55:01 GMT","inverseRate":0.00011862907922266},"szl":{"code":"SZL","alphaCode":"SZL","numericCode":"748","name":"Swazi lilangeni","rate":16.883831026948,"date":"Tue, 13 Sep 2022 11:55:01 GMT","inverseRate":0.059228263917349},"sos":{"code":"SOS","alphaCode":"SOS","numericCode":"706","name":"Somali shilling","rate":554.91322561342,"date":"Tue, 13 Sep 2022 11:55:01 GMT","inverseRate":0.0018020835580096},"aed":{"code":"AED","alphaCode":"AED","numericCode":"784","name":"U.A.E Dirham","rate":3.6691484106503,"date":"Tue, 13 Sep 2022 11:55:01 GMT","inverseRate":0.27254280505453},"idr":{"code":"IDR","alphaCode":"IDR","numericCode":"360","name":"Indonesian Rupiah","rate":14879.884207795,"date":"Tue, 13 Sep 2022 11:55:01 GMT","inverseRate":6.7204824045347e-5},"krw":{"code":"KRW","alphaCode":"KRW","numericCode":"410","name":"South Korean Won","rate":1374.948768218,"date":"Tue, 13 Sep 2022 11:55:01 GMT","inverseRate":0.00072729982608446}}